Description,Quantity,Value
Abacavir 300mg Tab,5582,11677.86
Abacavir Sulphate 600mg + Lamivudine 300,16854,89051.06
Acetazolamide 250 mg Tablet,17373,7899.52
Acetylcysteine 5000mg/25ml Injection,115,11906.57
"Acetylsalicylic Acid 100 mg, Glycine 45",1399058,97936.35
Acetylsalicylic Acid 300 mg Soluble Tabl,210376,45570.21
AcetylsalicylicAcid 150mg DispersibleTab,7748,774.8
Acitretin 10mg Capsule,11910,31465.97
Acitretin 25mg Capsule,11862,59226.55
Acyclovir 200 mg Tablet,82536,57452.85
Acyclovir 250mg/10ml Injection,800,5567.99
Acyclovir 3% Eye Ointment,97,1285.04
Acyclovir 5% Cream,21,132.51
Acyclovir 800 mg Tablet,5797,3863.67
Adalimumab 40mg Injection,214,118152.4
Adapalene 0.1% Gel,630,6887.040000000001
Adenosine 6mg/2ml Injection - 2ml amp,202,3538.77
Adrenaline Acid Tartrate 1mg/ml Injectio,11167,19457.68
Agomelatine 25mg Tablet,13948,54302.66
Albendazole 200 mg Tablet,595,345.1
Albendazole 200 mg/5 ml Suspension,27,147.15
Alendronate Sodium 70 mg Tablet,17474,18959.14
Alfacalcidol 0.25mcg Capsule,12521,2788.5
Alfacalcidol 1mcg Capsule,26787,16452.34
Alfacalcidol 2 mcg/ml Drops (0.1mcg/drop,9857,5244.13
Alfuzosin HCl 10 mg Tablet,934,382.62
All-Trans Retinoic Acid 10mg Capsule,868,11712.94
Allopurinol 100 mg Tablet,10566,901.21
Allopurinol 300 mg Tablet,158009,21892.1
Alteplase 50mg/50ml Powder for Injection,21,48753.95
Amantadine HCl 100mg Capsule/Tablet,31061,27722.9
Amiloride HCl 5 mg  Hydrochlorothiazide,965,106.21
Aminophylline 250mg/10ml Injection,53,178.37
Amiodarone 150mg/3ml Injection,353,2147.95
Amiodarone 200 mg Tablet,8340,7083.37
Amisulpiride 400 mg Tablet,6566,34339.54
Amitriptyline HCl 25 mg Tablet,123752,30272.7
Amlodipine 10 mg Tablet,834556,30987.96
Amlodipine 10 mg and Valsartan 160 mg Ta,36007,21989.66
Amorolfine 5 % Nail Lacquer,301,10336.29
Amoxicillin + Clavulanate 228 mg/5 ml Sy,2719,251.77
Amoxicillin 1g + Clavulanate 200mg Injec,8590,29536.92
Amoxicillin 250mg Capsule,87238,20658.91
Amoxicillin 500 mg  Clavulanate 125 mg T,112704,421391.54
Amoxicillin Trihydrate 125 mg/5 ml Syrup,5952,9225.6
Amphotericin 0.15% Eye Drops,486,337.77
Amphotericin 0.3% Eye Drops,71,0.0
Ampicillin 1g + Sulbactam 500mg Injectio,7888,15802.36
Ampicillin 500mg Injection,29,58.87
Ampicillin+Sulbactam 375mg Tab,47902,90882.58
Anagrelide 0.5mg Capsule,32975,271022.42
Anastrozole 1 mg Tablet,3617,2833.54
Antivenene Cobra Injection,140,101206.42
Antivenene Pit Viper Injection,77,58113.9
Apixaban 2.5 mg Film-coated Tablet,46524,158241.82
Apixaban 5 mg Film-coated Tablet,96419,327842.58
Aqueous Cream 200gm,6449,1773.97
Aqueous Cream 30gm,5815,0.0
Aqueous Cream 500gm,6805,77401.25
Arginine Powder (L-Arginine) (5g/sachet),1010,5240.54
Aripiprazole 10mg Tablet,31862,90168.47
Aripiprazole 400mg PR Susp For Injection,4,2747.2
Ascorbic Acid 100 mg Tablet,17602,1067.8
Ascorbic Acid 500 mg Tablet,2249,322.87
Asenapine 10mg Sublingual Tablet,1212,3091.67
Asenapine 5mg Sublingual Tablet,261,2285.48
Atenolol 100 mg Tablet,29429,5078.86
Atorvastatin 20 mg Tablet,535671,69620.92
Atorvastatin 40 mg Tablet,1926477,238892.11
Atracurium Besylate 25mg/2.5ml Injection,18532,87595.52
Atropine 0.01% Eye drop,23,0.0
Atropine Sulphate 1% Eye Drops,988,9565.16
Atropine Sulphate 1mg/ml Injection,9350,13718.66
Azathioprine 50 mg Tablet,277979,241763.25
Azelaic Acid 20% Cream,158,5433.099999999999
Azelastine/Fluticasone 137/50 mcg NasalS,21,681.95
Azithromycin 200 mg/5 ml Granules,1439,10324.23
Azithromycin 250 mg Tablet,6776,3451.04
Azithromycin 500mg Injection,71,1332.14
Baclofen 10 mg Tablet,202676,178642.92
Baclofen 5mg/ml Syrup,93100,0.0
Benzathine Penicillin 2.4MIU (1.8g) Inje,24,208.61
Benzhexol 2 mg Tablet,435592,15217.86
Benzoyl Peroxide 5% Gel,2781,22303.14
Benzydamine 3mg/ml throat spray,774,14921.43
Benzyl Benzoate 25 % Emulsion (Adult),182,600.21
"Benzyl Benzoate, Zinc Oxide & Balsam Per",932,805.71
Benzylpenicillin 1MIU (600mg) Injection,30,97.44
Benzylpenicillin 5MIU (3g) Injection,259,1247.38
Betahistine Dihydrochloride 24mg Tablet,188897,34010.14
Betamethasone 1 in 10 Cream (0.01%),462,0.0
Betamethasone 1 in 4 Cream (0.025%),6881,0.0
Betamethasone 17-Valerate 0.1% Cream (30,7712,660.83
Betamethasone 17-Valerate 0.1% Ointment,2022,9382.1
Betamethasone+Neomycin Eye Drops,760,4775.33
Bicalutamide 50 mg Tablet,4326,7618.8
Bimatoprost 0.01% Ophthalmic solution,395,15379.24
Bisacodyl 10 mg Suppository,19096,8626.96
Bisacodyl 5 mg Tablet,206803,12396.25
Bisoprolol Fumarate 2.5 mg Tablet,236488,16453.47
Bisoprolol Fumarate 5 mg Tablet,1318838,139135.9
Brexpiprazole 2mg Film-Coated Tablet,28,453.82
Brexpiprazole 3mg Film-Coated Tablet,28,453.82
Brimonidine Tartrate 0.15% Ophthalmic So,5830,188799.27
Brinzolamide 1% Eye Drops,224,6607.07
"Brinzolamide 1%,Brimonidine 0.2% Ophthal",1057,46665.17
Bromhexine 4mg/2ml Inj,5832,20474.22
Bromhexine HCl 4 mg/5 ml Elixir,1527,424.48
Bromhexine HCl 8mg Tablet,100155,2340.33
Bromocriptine Mesilate 2.5mg Tablet,90,68.48
Budesonide 1 mg/2 ml Nebulising Solution,3746,16390.23
Budesonide 160mcg+Formoterol 4.5mcg Turb,184,12956.29
Budesonide 200 mcg/dose Inhalation (Easy,123,14802.66
Budesonide 200mcg/dose Inhaler (200 dose,1728,37080.82
Budesonide 64mcg Nasal Spray,14061,95459.21
Bupivacaine 0.5% (Plain) Injection,1960,11292.92
Bupivacaine 0.5% Heavy Inj,2085,22505.57
"Bupivacaine 0.5%+Adrenaline 1:200,000 In",746,18618.51
Cabergoline 0.5mg Tablet,2821,59804.16
Calamine Cream,688,3990.4
Calamine Lotion,1036,6615.8
Calcipotriol 50 mcg/g Ointment,598,81199.02
Calcipotriol+Betamethasone Gel (50mcg+0.,1153,154027.67
Calcipotriol+Betamethasone Ointment (50m,1810,245113.8
Calcitriol 0.25mcg Capsule,1008168,263131.29
Calcium Carbonate 500mg Tablet,1648887,54022.89
Calcium Gluconate 10% Injection,6320,30853.21
Calcium Lactate 300mg Tablet,1492648,251525.12
Calcium Polystyrene Sulphonate Powder,35476,34933.41
Captopril 1mg/mL Oral Liquid,38193,0.0
Captopril 25mg Tablet,6078,333.04
Carbamazepine 100 mg/5 ml (2% w/v) Syrup,161609,32836.89
Carbamazepine 200mg CR Tablet,97173,55098.0
Carbamazepine 200mg Tablet,102935,13911.36
Carbamazepine 400mg CR Tablet,150279,165658.39
Carbamide (Urea) 10 % Cream,552,2318.95
Carbamide (Urea) 10 % Cream (100gm),165,2163.01
Carbetocin 100 mcg/ml Injection,102,5770.74
Carbimazole 5mg Tablet,288215,11612.14
Carbomer 0.2% w/w Ophthalmic Gel,2426,32018.88
Carboprost Tromethamine 250mcg Injection,29,4712.08
Carboxymethylcellulose Sod 0.5% Eye Drop,400,4135.35
Carvedilol 25mg Tablet,25710,3916.93
Carvedilol 6.25mg Tablet,65960,8771.67
Castellani's Paint Liquid,178,4687.99
Castellani's Paint Liquid (20ml),12,114.0
Cefazolin 1g Inj,1739,11787.07
Cefoperazone 1g Inj,2510,13693.49
Cefotaxime 1g Injection,346,2930.61
Ceftazidime 2g Injection,998,12049.19
Ceftazidime 5% Eye Drops,352,0.0
Ceftriaxone 1g Injection,7042,75118.56
Cefuroxime 1.5g Injection,4364,58072.0
Cefuroxime 5% Eye Drops,119,0.0
Cefuroxime Axetil 125 mg/5 ml Suspension,2581,38069.75
Cefuroxime Axetil 125mg Tablet,178852,88889.4
Cefuroxime Axetil 250mg Tablet,8098,21464.56
Celecoxib 200mg Capsule,213009,78871.07
Cephalexin Monohydrate 250mg Capsule,50659,9310.0
Cetirizine HCl 10mg Tablet,228586,11290.65
Charcoal Activated 250mg Tablet,4438,574.0
Charcoal Activated Granules,22,239.48
Chloral Hydrate Mixture 100mg/mL,11465,8660.2
Chloramphenicol 0.5% Eye Drops,3198,5595.49
Chloramphenicol 1% Eye Ointment,3836,5329.89
Chloramphenicol 5% w/v Ear Drops,297,1591.92
Chlorhexidine Gluconate 0.2% Mouthwash,4558,12624.49
Chlorpheniramine 10mg/ml Injection,755,399.91
Chlorpheniramine Maleate 2 mg/5 ml Syrup,1577,5850.37
Chlorpheniramine Maleate 4mg Tablet,209677,6565.77
Chlorpromazine HCl 100 mg Tablet,84988,11688.88
Chlorpromazine HCl 25 mg Tablet,27132,9564.01
Cholecalciferol (Vitamin D3) 1000 IU Cap,5996,2045.82
"Cholecalciferol 25,000 IU/1ml Oral Solut",2,15.18
Cholestyramine Resin 4 gram/sachet,1622,4217.24
"Choline Salicylate 8.7%, Cetylkonium Chl",92,330.22
Ciclosporin 100 mg/ml Drink Solution,2,0.0
Ciclosporin 100mg Capsule Microemulsion,8729,130946.65
Ciclosporin 25mg Capsule Microemulsion,66464,248442.43
Ciclosporin 50mg/ml Injection,630,11995.07
Ciclosporin A 0.05% Eye Drops,173,0.0
Ciclosporin A 0.5 % Eye Drops,601,0.0
Cinacalcet Hydrochloride 25 mg Tablet,502,6106.94
Cinnarizine 25 mg Tablet,24961,1447.7
Ciprofloxacin 250 mg Tablet,15419,2148.61
Ciprofloxacin HCl 0.3% Ophthalmic Soluti,502,1736.1
Cisatracurium Besylate 10 mg/5ml Injecti,30,592.8
Clarithromycin 125mg/5ml Granules for Or,19472,6226.589999999999
Clarithromycin 250 mg Tablet,6746,3259.05
Clindamycin HCl 300mg Capsule,8654,6766.52
Clobetasol Propionate 0.05% Cream,1759,3736.16
Clobetasol Propionate 0.05% Ointment,880,1800.31
Clobetasone Butyrate 0.05% Cream,4601,15603.03
Clofazimine 100mg Capsule,211,631.31
Clomiphene (Clomifene) Citrate 50mg Tabl,798,538.44
Clomipramine HCI 25mg Tablet,67034,49323.95
Clonidine HCl 0.025 mg Tablet,6353,8250.6
Clopidogrel 75 mg Tablet,470425,116748.97
Clotrimazole 1% Cream,2661,3767.62
Clotrimazole 1% Ear Drop,592,5746.36
Clotrimazole 500 mg Vaginal Tablet,373,1196.25
Cloxacillin 500mg Inj,1115,1787.08
Cloxacillin Sodium 125 mg/5 ml Suspensio,528,6318.05
Cloxacillin Sodium 125mg/5ml Suspension,172,1883.38
Cloxacillin Sodium 250mg Capsule,146781,54482.91
Clozapine 100 mg Tablet,82754,98252.57
Clozapine 25 mg Tablet,9173,3918.13
"Coal Tar 1%, Salicylic Acid 2% Shampoo (",3534,8408.539999999999
Colchicine 0.5 mg Tablet,48547,3880.61
Conjugated Oestrogens 0.3 mg Tablet,3885,9728.03
Conjugated Oestrogens 0.625 mg/g Cream,729,37119.97
Cyanocobalamin 1mg/ml Injection,183,331.26
Cyproterone 2mg  Ethinyloestradiol 0.035,6868,4796.42
Dabigatran Etexilate 110 mg Capsule,51497,175960.32
Dabigatran Etexilate 150 mg Capsule,178948,612481.49
Daclatasvir 60mg Tab,39022,66727.63
Danazol 200 mg Capsule,10591,18796.9
Dapagliflozin 10 mg Tablet,11592,14234.6
Dapsone 100 mg Tablet,8351,446.86
Darbepoetin Alfa 20 mcg prefilled syring,1035,45595.96
Darbepoetin Alfa 40 mcg prefilled syring,1481,118845.65
Darunavir 600mg Film-Coated Tablet,1112,17948.15
Deferasirox 360mg FCT (EXJADE),69526,5267115.18
Deferasirox 90mg FCT (EXJADE),43092,814526.57
Deferiprone 500 mg Tablet (Ferriprox),259557,984937.25
Degarelix acetate 80mg Powder for Inject,14,6574.62
Denosumab 60mg/ml prefilled syringe,166,106537.91
Desferrioxamine 500mg Injection,31301,691038.97
Desflurane Liquid,261,139725.65
Desloratadine 0.5mg/ml Syrup,114914,16709.46
Desloratadine 5 mg Tablet (Generik),183799,53089.98
Desmopressin 0.1 mg Tablet,9207,37584.46
Desmopressin 0.2 mg Tablet,7880,52376.14
Desmopressin 120mcg Sublingual Tablet,282,1810.96
Desmopressin 60mcg Sublingual Tablet,435,1618.2
Desogestrel150mcg Ethinyloestradiol20mcg,12852,6418.69
Desogestrel150mcg Ethinyloestradiol30mcg,7783,733.83
Desvenlafaxine 50 mg ER Tablet,2980,4549.39
Dexamethasone 0.5 mg Tablet,5406,243.4
Dexamethasone 4mg tablet,13967,4985.76
Dexamethasone Sodium Phos 8mg/2ml Inject,7601,6240.34
Dexamethasone sodium phos 0.1% Eye Drops,9530,58617.52
Dexlansoprazole 60 mg Delayed Release Ca,17127,25454.68
Dexmedetomidine 200mcg/2ml Injection,147,2712.08
Dextrose 50% 10mL Inj,15108,14195.35
Dextrose in Glycerine Nasal Drop,56,0.0
Diazoxide 100mg Capsule/Tablet,1656,6857.13
Diclofenac Sodium 12.5 mg Suppository,400,3323.3
Diclofenac Sodium 50 mg Tablet,56982,1859.32
Diclofenac Sodium 75mg/3 ml Injection,1286,684.3
Digoxin 0.25 mg Tablet,29143,4064.82
Digoxin 50 mcg/ml Elixir,818,926.12
Digoxin 500 mcg/2ml Injection,192,2570.62
Diltiazem 2% Topical Gel,104,2373.07
Diltiazem HCl 30 mg Tablet,248820,49838.43
Diosmin 450 mg and Hesperidin 50 mg Tabl,70995,27269.24
Diphenhydramine HCl Expectorant (Adult),7396,24850.56
Diphenhydramine HCl Expectorant (Paediat,2784,4132.5
Diphenoxylate with Atropine Sulphate Tab,14468,1535.49
Dipyridamole 75mg Tablet,2448,1916.16
Dobutamine 250mg/20ml Injection,309,3766.64
Dolutegravir 50 mg Tablet,13838,150741.83
Domperidone 1 mg/ml Suspension,2578,8217.69
Domperidone 1 mg/ml Syrup,5721,34.08
Domperidone 10 mg Tablet,15285,1011.32
Donepezil HCl 10 mg Tablet,6234,1981.89
Donepezil HCl 5 mg Tablet,42688,17879.8
Dopamine 200 mg / 5ml Injection,61,212.06
Dorzolamide HCl 2% Ophthalmic Solution,10112,107857.4
Dothiepin HCl 25 mg Tablet,16394,6027.9
Dothiepin HCl 75 mg Tablet,10507,11673.0
Doxazosin Mesilate 4 mg CR Tablet,604753,195258.5
Doxycycline 100 mg Capsule,34016,8364.45
Duloxetine 30 mg Capsule,6321,23715.48
Duloxetine 60 mg Capsule,13186,53579.98
Dutasteride 0.5mg+Tamsulosin 0.4mg Capsu,19236,75733.48
Dydrogesterone 10 mg Tablet,36957,79791.67
Efavi/Emtricita/Tenof d 600/200/300mg Ta,72,0.0
Efavirenz 200 mg Capsule/Tablet,29402,38597.89
Efavirenz 600 mg Tablet,273466,103995.52
Eltrombopag Olamine 25 mg Film-coated Ta,4879,326656.97
Empagliflozin 10 mg Tablet,25055,41584.56
Empagliflozin 25 mg Tablet,173169,287145.87
Enalapril 10 mg Tablet,46826,1655.15
Enalapril 5 mg Tablet,4106,770.77
Enoxaparin 40 mg Injection (CLEXANE),2686,37285.51
Enoxaparin 40 mg Injection (INHIXA),24252,229181.23
Enoxaparin 60 mg Injection (CLEXANE),3262,76565.71
Enoxaparin 60 mg Injection (CRUSIA),80,0.0
Enoxaparin 60 mg Injection (INHIXA),6250,78750.0
Enoxaparin Sodium 20 mg Injection,1760,13158.21
Entacapone 200 mg Tablet,24017,53994.1
Entecavir 0.5 mg Tablet,37642,132903.67
Eperisone HCl 50 mg Tablet,54951,39766.59
Ephedrine HCl 30 mg/ml Injection,4443,4381.02
Epinephrine 0.15mg Inj Pen,3,997.61
Epinephrine 0.3mg Inj Pen,8,2729.71
Eplerenone 50mg Tablet,750,3699.25
Epoietin Beta 2000 IU Injection,10761,173714.03
Erythromycin Ethylsuccinate 200 mg/5 ml,310,2157.6
Erythromycin Ethylsuccinate 400 mg Table,7985,2998.89
Escitalopram 10 mg Tablet,47723,18181.88
Esmolol HCl 100 mg/10ml Injection,21,1811.34
Esomeprazole 40 mg Tablet,195872,94516.4
Essential Phospholipids Capsule,19200,4787.98
Estradiol 1mg + Dydrogesterone 5mg Table,3866,5192.44
Estradiol Valerate 1 mg Tablet,45850,31940.56
"Estradiol1mg,Estradiol1mg+Dydroge10mg Ta",13202,18218.54
Estradiol2mgNorgestrel0.5mg+Estradiol2mg,4549,7871.91
"Estriol 0.03mg,Lactobacillus acidophillu",319,2291.25
Etanercept 50mg Injection,57,17412.71
Ethambutol HCl 400 mg Tablet,1410,664.56
Ethinylestradiol20mcg+Levonorgestrel100m,789,356.95
Ethionamide 250mg Tablet,42,105.84
Ethosuximide 250mg Capsule,608,786.75
Ethyl Chloride 100ml Spray,14,323.57
Etomidate 20mg/10ml Inj,48,1277.61
Etoricoxib 90 mg Tablet,15136,27468.27
Everolimus 0.25mg Tablet,4408,33817.96
Everolimus 0.75mg Tablet,8420,194795.33
Everolimus 10mg Tablet,182,31088.49
Evolocumab 140mg Injection,27,20214.68
Ezetimibe 10 mg  Simvastatin 20 mg Table,486,1764.18
Ezetimibe 10 mg Tablet,32681,27612.28
"Ezetimibe 10mg, Simvastatin 40mg tablet",20261,80413.98
Favipiravir 200mg Tab,78,471.59
Febuxostat 80mg tablet,4761,11888.16
Felodipine 10 mg Tablet,577613,161662.37
Felodipine 5 mg Tablet,92647,22265.84
Fenofibrate 145mg Tablet,123900,121484.58
Ferrous Fumarate 200 mg Tablet,170782,36325.6
Filgrastim 30MU/ml Injection (300mcg/ml),396,25264.8
Finasteride 5 mg Tablet,436561,60343.0
Fingolimod 0.5mg Capsule,778,159094.05
Flecainide Acetate 100 mg Tablet,14607,65167.59
Fluconazole 0.2% Eye Drops,258,0.0
Fluconazole 100 mg Capsule,15234,72256.67
Fludrocortisone Acetate 0.1 mg Tablet,6323,4623.03
Flumazenil 0.5mg/5ml Injection,75,794.74
Flunarizine HCl 5 mg Capsule,14822,11325.85
Fluorometholone 0.1% Ophthalmic Suspensi,388,1964.0
Fluoxetine HCl 20 mg Capsule/Tablet,172569,68817.37
Flupenthixol Decanoate Depot 20mg/ml lnj,4226,85226.06
Fluphenazine Decanoate 25mg/ml Inj,1734,1596.59
Fluticasone Furoate 27.5 mcg/dose Nasal,2448,70948.36
Fluticasone Propionate 125 mcg/dose Inha,840,9040.52
Fluvoxamine 100 mg Tablet,179220,121583.4
Fluvoxamine 50 mg Tablet,177846,67138.03
Folic Acid 1 mg/ml Oral Suspension,722,0.0
Folic Acid 5 mg Tablet,480828,10060.16
Fondaparinux 2.5 mg/0.5ml Injection,2157,50404.5
Fondaparinux 7.5mg/0.6ml Injection,119,5945.89
Fosfomycin Trometamol 3 g Granules,79,3204.65
Frusemide 10mg/5ml oral solution,250,0.0
Frusemide 10mg/ml oral solution,13260,7839.91
Frusemide 20mg/2ml amp,18687,15150.73
Frusemide 40 mg Tablet,1065865,51929.1
Fusidic A 2% in Betamethasone V 0.1% Cre,3952,14043.03
Fusidic Acid 1% Eye Drops,349,6657.75
Fusidic Acid 2% Cream,2964,9225.69
Fusidic Acid 250 mg Tablet,8664,8041.46
Gabapentin 100 mg Tablet,16375,38316.69
Gabapentin 300 mg Capsule,536442,49345.61
Gabapentin 600 mg Tablet,300,117.76
Gamma Benzene Hexachloride 1% Lotion,11,40.45
Gelaspan 4% IV Soln,13,545.7
Gemfibrozil 300 mg Capsule,64489,13713.57
Gentamicin 0.1% Cream,627,1459.31
Gentamicin 0.3% Eye Drops,766,2636.21
Gentamicin 0.9% Fortified Eye Drops,144,0.0
Gentamicin 80mg/2ml Injection,758,606.52
Gentamicin-Betamethasone Eye Drops,53,220.89
Gliclazide 30 mg Modified Release Tablet,678657,56706.06
Gliclazide 80 mg Tablet,464069,58529.12
Glycerine,472,1.86
Glyceryl Trinitrate 0.5 mg Tablet,990,195.52
Glyceryl Trinitrate 50mg/10ml Injection,5354,83890.33
Glyceryl Trinitrate Aerosol Spray 400mcg,4532,84448.58
Glycopyrrolate 1 mg Tablet,484,313.7
Glycopyrrolate 200mcg/ml Injection,1550,5517.2
Golimumab 50mg/0.5mL Injection,67,247096.0
Granisetron HCl 1 mg Tablet,318,4698.31
Griseofulvin 125mg Tablet,7625,946.59
Guselkumab 100 mg single dose injection,10,53752.02
Haloperidol 1.5 mg Tablet,19148,2764.0
Haloperidol 5 mg/ml Injection,490,1843.43
Haloperidol 5mg Tablet,98438,13009.15
Hematotoxic Polyvalent Snake Antivenom,14,6804.09
Heparin Sodium 50 IU/5ml in NaCl Injecti,12562,6419.06
Heparin Sodium 5000 IU/ml Injection (5ml,801,8643.39
Homatropine 2% Eye Drops,446,3304.31
"Human Albumin 20%, 50ml IV Soln",17,2315.64
"Human Albumin 5%, 250ml IV Soln",66,12540.0
Hydralazine 10mg Tab,49307,21436.97
Hydralazine 20mg Injection,31,549.4
Hydrochlorothiazide 50 mg Tablet,20509,3005.19
Hydrocortisone 1% Cream,3304,23944.3
Hydrocortisone 10 mg Tablet,75281,67205.98
Hydrocortisone Sodium Succinate 100mg In,6808,17133.2
Hydroxychloroquine 200 mg Tablet (PLAQUE,267249,126531.22
Hydroxyethyl Cellulose Jelly (KY Jelly),695,3500.91
Hydroxyurea 500 mg Capsule,85727,243322.12
Hydroxyzine HCl 25 mg Tablet,74678,19748.35
Hyoscine N-Butylbromide 10 mg Tablet,19467,4626.15
Hyoscine N-Butylbromide 20mg/ml Injectio,323,617.41
Hypromellose 0.3% Eye Drop (Free Preserv,52265,50076.03
Hypromellose 0.3% Eye Drop (With Preserv,13964,34470.8
"Hypromellose 0.3%, Carbomer 980 Ophthalm",36,712.27
Ibandronic Acid 150 mg Tablet,62,5329.02
Ibuprofen 100mg/5mL Oral Suspension,68,12.68
Ibuprofen 200 mg Tablet,18295,1642.79
Imiquimod 5 % w/w Cream,182,1766.36
Inclisiran 284mg/1.5ml Solution for Inje,1,4351.6
Indomethacin 25mg Capsule,2352,148.71
Insulin Degludec/Aspart 100IU/ml FlexTou,352,14836.5
Insulin Glargine100IU Lixisenatide33mcg,21,2618.7
Insulin Glulisine 300 iu/3ml pre-filled,707,13275.4
Insulin Lispro 100 IU/ml KwikPen,598,12858.09
Insulin Lispro25%/ Lispro P75% 100IU/ml,576,12403.06
Insulin aspart (Novorapid) 100 IU/ml Fle,4404,82660.1
Insulin aspart (Novorapid) 100 IU/ml Pen,47,1087.67
Insulin aspart/aspart protamine(NovoMix),3862,89242.47
Insulin detemir (Levemir) 100 IU/ml Flex,3474,109335.18
Insulin glargine 100 IU/ml Prefilled Pen,4964,112205.36
Insulin glargine 450 IU/1.5ml Pre-filled,1776,88242.9
Insulin isophane (Insugen-N) 100 IU/mL P,23640,148104.21
Insulin isophane (Insulatard) 100 IU/mL,4225,23525.33
Insulin isophane 100 IU/mL Vial,196,3185.92
Insulin lispro 50%/lispro p 50% 100 IU/m,2234,48058.21
Insulin regular (Actrapid) 100 IU/mL Pen,6254,35011.07
Insulin regular (Actrapid) 100 IU/mL Via,8026,133803.32
Insulin regular (Insugen-R) 100 IU/mL Pe,31408,196632.5
Insulin regular/isophane (Insugen-30/70),16737,104932.19
Insulin regular/isophane (Mixtard-30) 10,4976,27734.41
Interferon Beta 1a 44 mcg Injection,640,189972.08
Ipratropium Br 0.025%(250 mcg/ml) Nebuli,200,201.3
Ipratropium Br 0.5mg+Salbutamol 2.5mg Ne,2377,1494.62
Ipratropium Br 20mcg+Fenoterol 50mcg/dos,618,10276.94
Iron(III) Polymaltose Com 10mg/ml Liquid,316116,30767.22
Isoniazid 100 mg Tablet,15903,3781.97
Isosorbide Dinitrate 10 mg Tablet,176229,5868.78
Isosorbide Dinitrate 10mg/10ml Injection,1,0.0
Isosorbide-5-Mononitrate 60 mg SR Tablet,292024,89189.21
Isotretinoin 10 mg Capsule,18685,24178.34
Isotretinoin 20 mg Capsule,13552,29221.19
Itopride HCl 50 mg Tablet,427573,356472.13
Itraconazole 10 mg/ml Oral Solution,1009,9480.029999999999
Itraconazole 100 mg Capsule,77450,58539.48
Ivabradine 5 mg Tablet,45955,71096.42
Ivabradine 7.5 mg Tablet,30733,56038.37
Ketoconazole 2% Shampoo,60180,25716.5
Ketoconazole 200 mg Tablet,159,84.07
Ketoprofen 2.5% Gel,12238,42946.88
Ketorolac Tromethamine 30mg/ml Injection,1379,8709.75
Labetalol HCl 100 mg Tablet,43978,35192.06
Labetalol HCl 25 mg/5 ml Injection,6807,58658.29
Lacosamide 100 mg Tablet,6230,7722.17
Lactulose 3.35 g/5 ml Liquid,42653,137997.58
Lamivudine 10 mg/ml Oral Solution,1029,1013.79
Lamivudine 100 mg Tablet,2790,11286.8
Lamivudine 150 mg Tablet,2665,6496.15
Lamotrigine 100 mg Tablet,93897,20814.57
Lamotrigine 25 mg Dispersible Tablet,7376,11797.36
Lamotrigine 5 mg Dispersible Tablet,8515,10816.67
Lamotrigine 50 mg Tablet,86665,12660.11
Lansoprazole 30 mg Capsule,60252,20911.28
Lansoprazole 3mg/mL Suspension,222569,0.0
Latanoprost 0.005% +Timolol 0.5% Eye Dro,85,2346.57
Latanoprost 0.005% Eye Drops,23663,97981.51
Leflunomide 20mg Tablet (ARAVA),38422,485481.36
Letrozole 2.5 mg Tablet,35904,22135.14
Levetiracetam 100 mg/ml Oral Solution,192245,83127.44
Levetiracetam 250 mg Tablet,2026,3342.32
Levetiracetam 500 mg Tablet,295114,143074.1
Levetiracetam 500 mg Tablet (KEPPRA),6892,13808.35
Levetiracetam 500mg/5ml Inj (KEPPRA),15,1569.43
Levobupivacaine 50mg/10ml Injection,205,2911.34
Levocetirizine Dihydrochloride 5 mg Tabl,14619,1818.75
Levodopa 100 mg + Carbidopa 25 mg Tablet,83580,38659.88
"Levodopa 100 mg, Benserazide 25 mg HBS c",34340,36060.93
"Levodopa 200 mg, Benserazide 50 mg Table",132199,105801.68
Levodopa 250 mg + Carbidopa 25 mg Tablet,1044,966.6
"Levodopa,Carbidopa,Entacapone100/25/200m",13921,52974.17
Levofloxacin 0.5% Ophthalmic Solution,254,3274.1
Levofloxacin 500 mg Tablet,122,118.75
Levonorgestrel 1.5 mg Tablet,13,72.9
Levothyroxine 150mcg Soft Gel,678,4428.37
Levothyroxine Sodium 100 mcg Tablet,193935,15626.97
Levothyroxine Sodium 25 mcg Tablet,233065,33190.97
Levothyroxine Sodium 50 mcg Tablet,192774,32436.9
"Lidocaine 25mg, Prilocaine 25mg Cream",203,1767.65
Lidocaine Medicated Plaster 5% w/w,86,1503.2
Lignocaine (Lidocaine) 10% Spray (50ml),2,74.75
Lignocaine 2% Chlorhexidine 0.05% Gel,2837,21722.1
Lignocaine 2% Jelly,1,10.81
Lignocaine HCl 100 mg/5 ml Injection (2%,2390,4345.6
Lignocaine HCl 2% Injection (10ml),2540,3490.49
"Lignocaine, Al, Zinc, Hydrocortisone Sup",35,100.7
Liquid Paraffin (Internal),302,18.27
Liquid Parafin (External),5104,0.0
Liraglutide 6mg/ml Prefilled Pen,50,11766.44
Lithium Carbonate 300 mg Tablet,129178,71832.91
Loperamide 2 mg Capsule,1628,107.51
Lopinavir 100 mg & Ritonavir 25 mg Table,2256,14863.63
Lopinavir 200 mg and Ritonavir 50 mg Tab,85337,248626.32
Lopinavir 80mg/Ritonavir 20mg in 1mL Sol,70,395.64
Loratadine 1 mg/ml Syrup,4520,11759.86
Loratadine 10 mg Tablet,953352,131549.13
"Loratadine 5mg,Pseudoephedrine 120mg Tab",5609,7204.03
Losartan 100 mg Tablet,105510,10551.08
"Losartan 100mg,Hydrochlorothiazide 12.5m",9189,11353.86
Losartan 50 mg Tablet,57209,3557.83
Lugol's Solution 50mg/ml (5%) Internal,186,201.95
Macrogol 4000 Oral Powder 10G,357,630.64
Magnesium Sulphate 45% Paste,3,6.19
Magnesium Sulphate 4mmol/5ml Syrup,5770,0.0
Magnesium Sulphate 50% Injection (49.3%/,3321,38859.54
Magnesium Trisilicate Mixture,663592,19982.929999999997
Magnesium Trisilicate Tablet,39463,6100.66
Mebeverine 135 mg Tablet,30425,26237.71
Meclozine HCl 25 mg+Pyridoxine 50 mg Tab,1521,984.65
Mecobalamin 500 mcg Tablet,1323436,115138.93
Medroxyprogesterone Acetate 100 mg Table,8755,32812.44
Medroxyprogesterone Acetate 5 mg Tablet,136201,44239.76
Mefenamic Acid 250 mg Capsule,85854,12495.71
Megestrol Acetate 160 mg Tablet,8666,48059.54
Melatonin 3mg Tablet/Capsule,8192,3195.31
Memantine HCI 10 mg Tablet,26977,26202.33
Memantine HCI 20 mg Tablet,84,1019.07
Menotrophin-Highly Purified 75IU Inj (FS,388,18042.0
Menthol Inhalation 60 mls,149,0.0
"Mepivacaine HCl 2%,Adrenaline (1:100,000",826,2625.8
Meropenem 1000mg Injection,77,927.99
Mesalazine 1 g Suppository,10152,100586.1
Mesalazine 500 mg Tablet (Salofalk),26568,38080.9
Mesalazine 500mg MR Tablet,65294,69604.59
Metformin HCl 500 mg Extended Release Ta,320850,25986.21
Metformin HCl 500 mg Tablet,2500388,200025.92
Methimazole 5mg Tablet,4954,1522.34
Methoxsalen 10 mg Capsule,420,253.31
Methyl Salicylate 25% Ointment,18863,77020.97
Methyldopa 250 mg Tablet,41767,10604.18
Methylene Blue 0.5% Injection,5,315.05
Methylene Blue 1% Injection,30,256.3
Metoclopramide HCl 10 mg Tablet,67467,2205.61
Metoclopramide HCl 10mg/2ml Injection,12988,8156.95
Metoclopramide HCl 5 mg/5 ml Syrup,135,278.83
Metoprolol Tartrate 100 mg Tablet,328170,59005.26
Metronidazole 200 mg Tablet,66052,6710.27
Metronidazole 500mg/100ml Injection,10475,24199.65
Miconazole 2% Cream,5064,5718.91
Mirabegron 50 mg prolonged-release table,4467,13562.56
Mircera 100mcg/0.3 ml Inj,217,41487.0
Mircera 50mcg/0.3 ml Inj,161,15282.98
Mirtazapine 15 mg Orodispersible Tablet,2953,6929.58
Mirtazapine 30 mg Orodispersible Tablet,15256,67481.63
Mirtazapine 30mg Tablet,10166,14640.78
Mitotane 500mg Tablet,264,8544.79
Moclobemide 150 mg Tablet,10025,23934.29
Molnupiravir 200 mg Hard Capsule,40,1200.0
Mometasone 50 mcg Nasal Spray (Elonide),6703,52953.7
Mometasone 50 mcg Nasal Spray (Nasonex),5,62.71
Mometasone Furoate 0.1% Cream,4680,15244.26
Montelukast Sodium 10 mg Tablet,27763,4966.05
Montelukast Sodium 4 mg Oral Granules,10320,8772.29
Montelukast Sodium 5 mg Chewable Tablet,21084,5962.28
Moxifloxacin 0.5% Ophthalmic Solution,458,3912.61
Moxifloxacin 400mg Tablet,21,80.36
Multivitamin Drops for Infant/Paediatric,2621,50752.11
Multivitamin Syrup,226561,5190.89
Mupirocin 2% Ointment,624,4715.93
Mycophenolate Mofetil 250 mg tablet (Cel,4362,10311.52
Mycophenolate Mofetil 250 mg tablet (Myc,32355,20178.99
Mycophenolate Mofetil 500 mg tablet (Cel,12121,59707.77
Mycophenolate Mofetil 500 mg tablet (Myc,107180,100546.09
Mycophenolate Sodium 180mg Tablet,1452,4966.26
Mycophenolate Sodium 360mg Tablet,4436,29846.25
Nalbuphine HCl 10mg/ml Inj,18,106.76
Naloxone HCl 0.4mg/ml Injection,109,519.86
Naltrexone HCl 50 mg Tablet,2398,23745.41
Naproxen Sodium 275 mg Tablet,13773,1792.99
Natamycin 5% Ophthalmic Suspension,3,79.2
Neomycin 0.5% Cream,120,395.89
Neostigmine Methylsulphate 2.5mg/ml Inje,6800,6987.81
Nepafenac 0.1% w/v Eye Suspension (5ml),293,4597.15
Neurotoxic Polyvalent Snake Antivenom,91,49282.14
Nevirapine 200 mg Tablet,62358,24884.79
Nevirapine 50mg/5mL Oral Suspension,200,3710.0
Nevirapine 50mg/5ml Oral Suspension,72,10.53
Nifedipine 10 mg Tablet,27492,1657.7
Nimodipine 30 mg Tablet,681,455.12
Nirmatrelvir 150mg/Ritonavir100mg FC Tab,130,4568.41
Nitrofurantoin 100 mg Tablet,1446,979.41
Noradrenaline Acid Tartrate 4 mg/4 ml In,14201,87589.23
"Nystatin 100,000 units/ml Suspension",1013,14987.97
Ofloxacin 0.3% Otic Solution,3651,54469.82
Ofloxacin 100 mg Tablet,3921,1345.98
Olanzapine 10 mg Disintegrating Tablet,11057,31284.55
Olanzapine 10 mg Tablet,259644,73058.49
Olanzapine 5 mg Disintegrating Tablet,6302,30313.14
Olanzapine 5 mg Tablet,115813,24434.68
Olopatadine HCl 0.2% Opthalmic Solution,1355,41405.37
Omalizumab 150mg Injection,23,26295.82
Omeprazole 40mg Injection,1959,14425.41
Ondansetron 4mg/2ml Injection,406,3341.24
Oral Rehydration Salt,12916,1226.6
Orphenadrine 100 mg Tablet,184,132.66
Oseltamivir 60mg/5ml Oral Suspension,3412,7171.16
Oseltamivir 75 mg Capsule,922,4632.67
Oxcarbazepine 600 mg Tablet,1480,4824.5
Oxybutynin Chloride 5 mg Tablet,2653,2561.12
Oxymetazoline 0.025% (Paeds) Nasal Drops,40,0.0
Oxymetazoline HCl 0.01% (Infant) Nasal D,95,1570.82
Oxymetazoline HCl 0.025% (Paed) Nasal Sp,432,3599.12
Oxymetazoline HCl 0.05% (Adult) Nasal Sp,865,9412.63
"Oxytetracycline, Polymyxin B Eye Oint",1325,4582.66
Oxytocin 10 units/ml Injection,1680,1948.8
Oxytocin 5U + Ergometrine 0.5mg/ml Inj,42,146.75
Paliperidone 100 mg Prolonged Release In,52,45199.89
Paliperidone 150 mg Prolonged Release In,79,71724.17
Paliperidone 3 mg Extended Released Tabl,1679,20531.11
Paliperidone 350mg/1.750ml PR Inj,11,27709.43
Paliperidone 6 mg Extended Released Tabl,3597,44988.28
Paliperidone 75 mg Prolonged Release Inj,11,8254.98
Pancreatin 150 mg Capsule,68916,114813.8
Pantoprazole 40 mg Tablet,1560631,291722.34
Pantoprazole 40mg Injection,14616,64666.6
Paracetamol 1000mg/100ml solution for IV,2769,13203.84
Paracetamol 120 mg/5 ml Syrup,4345,12856.86
Paracetamol 125 mg Suppository,1291,384.28
Paracetamol 250 mg Suppository,3019,1134.61
Paracetamol 250 mg/5 ml Syrup,6963,11788.49
Paracetamol 500 mg Tablet,1053017,50654.08
"Paradichlorobenzene, Turpentine Oil, Chl",637,8065.44
Parecoxib Sodium 40mg Injection,1870,52419.42
Peginterferon Alpha-2a 180 mcg Prefilled,26,17885.4
Penicillamine 250mg Capsule,4237,4759.5
Pentoxifylline 400 mg Tablet,33525,27160.05
Perampanel 2 mg Film-coated Tablet,168,590.78
Perampanel 4 mg Film-coated Tablet,3017,21210.95
Perindopril 4 mg + Indapamide 1.25 mg Ta,55097,19896.58
Perindopril 4 mg Tablet,124257,7555.89
Perindopril 8 mg Tablet,753822,103549.0
Permethrin 5% w/v Lotion,121,1143.33
Phenoxybenzamine HCl 10mg Capsule,100,375.2
Phenoxymethyl Penicillin 125 mg Tablet,169467,90623.8
Phenoxymethyl Penicillin 125 mg/5 ml Syr,6574,19619.24
Phenylephrine Hydrochloride 10mg/ml inje,286,2605.1
Phenytoin Sodium 100 mg Capsule,149484,42342.46
Phenytoin Sodium 125mg/5ml Suspension,66620,28159.08
Phenytoin Sodium 250mg/5ml lnjection,3391,54903.65
Phenytoin Sodium 30 mg Capsule,4040,1499.69
Phytomenadione  1mg/mL (Vitamin K1) Liqu,64,0.0
Pilocarpine 2% Eye Drops,31,240.58
Pimecrolimus 1% Cream,267,18008.74
Piperacillin 4g + Tazobactam 500mg Injec,241,1605.16
Piracetam 1.2 g Tablet,8934,5854.25
Piribedil 50 mg Tablet,990,1769.66
Pizotifen 0.5 mg Tablet,12426,11832.8
"Polyethylene 0.4%, propylene 0.3% Eyedro",98,1953.58
Polyethylene Glycol /Macrogol 4000 Powde,4130,56098.37
Posaconazole 100 mg modified-release Tab,195,24119.46
Potassium Acetate Inj USP 40mEq/20ml,100,2165.56
Potassium Chloride 1g/10ml Injection,7816,5263.29
Potassium Chloride 600 mg SR Tablet,338737,8538.04
Potassium Chloride Mixture,164927,464.27
Potassium Citrate 3g/10ml Mixture BPC,1425,7418.12
Potassium Dihydrogen Phosphate Injection,100,1612.2
Pralidoxime 500mg/20ml Injection,12,876.92
Pramipexole Dihydrochloride 0.125 mg Tab,15563,16298.38
Pramipexole Dihydrochloride 0.375mg ER T,18920,56498.39
Pramipexole Dihydrochloride 1 mg Tablet,6137,51561.05
Pramipexole Dihydrochloride 1.5mg ER Tab,10754,131646.77
Pravastatin Sodium 20 mg Tablet,39739,11704.87
Prazosin HCl 1 mg Tablet,250373,34927.13
Prazosin HCl 2 mg Tablet,218353,39915.05
Prazosin HCl 5 mg Tablet,72422,29403.33
Pre/Post-Natal Vitamin and Mineral Cap,690617,89092.23
Prednisolone 1 mg Tablet,5386,1645.34
Prednisolone 3 mg/5 ml Syrup,353,706.0
Prednisolone 5 mg Tablet,734781,80529.22
Prednisolone Acetate 1% Ophthalmic Suspe,83,461.33
Pregabalin 150 mg Capsule,19504,17465.05
Pregabalin 50 mg Capsule,417,304.66
Pregabalin 75 mg Capsule,80203,49455.36
Primaquine 7.5 mg base Tablet,76,88.16
Probenecid 500 mg Tablet,2160,760.4
Prochlorperazine Maleate 5mg Tablet,23686,823.07
Prochlorperazine Mesylate 12.5 mg/ml Inj,716,1585.74
Procyclidine HCl 10 mg/2 ml Injection,45,2602.68
Prolase Tablet,45276,1595.36
Propiverine HCl 15 mg Tablet,6606,11816.97
Propofol 1% Injection (200mg/20ml Vial),8319,32924.08
Propofol 2% 50 ml Inj,210,5293.35
Propranolol HCl 20mg/5ml Oral Solution,23333,16028.42
Propranolol HCl 40 mg Tablet,197411,19339.42
Propylthiouracil 50 mg Tablet,6958,812.72
Protamine Sulphate 50mg/5ml Injection,2,102.1
Pyrazinamide 500 mg Tablet,803,148.73
Pyridostigmine Bromide 60 mg Tablet,150993,53960.4
Pyridoxine HCl 10 mg Tablet,67528,4709.89
Pyrimethamine 25mg Tablet,1482,1819.62
Quetiapine Fumarate 100mg IR Tablet,15451,9674.67
Quetiapine Fumarate 200 mg ER Tablet,3880,27269.94
Quetiapine Fumarate 200mg IR Tablet,28582,23844.32
Quetiapine Fumarate 300 mg ER Tablet,12134,130734.62
Quetiapine Fumarate 400 mg ER Tablet,10926,127351.28
Quetiapine Fumarate 50 mg ER Tablet,10704,49722.07
Raloxifene HCl 60 mg Tablet,1270,4002.16
Raltegravir 400mg tablet,20904,155901.8
Ramipril 5 mg Tablet,82699,48949.35
Ranolazine 375 mg PR Tablet,2702,7757.95
Ravidasvir Hydrochloride 200mg Tablet,9902,113685.62
Ribavirin 200 mg Capsule,9094,19551.88
Riboflavine 50 mg Tablet,2976,7126.96
Rifa/Iso/Pyrazi/Etha150/75/400/275mg Tab,63,38.31
Rifampicin 150 mg Capsule,1446,290.37
Rifampicin 300 mg Capsule,4572,1512.39
Rilpivirine 25 mg Tablet,3199,57169.91
Riluzole 50mg Tablet,642,18537.34
Risperidone 1 mg Tablet,134321,7995.35
Risperidone 1 mg/ml Oral Solution,118,15278.72
Risperidone 2 mg Tablet,311372,23315.97
Ritonavir 100 mg Tablet,3109,15281.37
Rivaroxaban 15 mg Tablet,13393,90290.52
Rivaroxaban 20 mg Tablet,25158,171042.3
Rivastigmine 13.3mg/24hr Transdermal Pat,1819,15263.15
Rivastigmine 3 mg Capsule,9676,15853.47
Rivastigmine 4.6mg/24hr Transdermal Patc,5474,44094.16
Rivastigmine 9.5 mg/24hr Transdermal Pat,5286,34313.14
Rocuronium Bromide 10mg/ml Inj,2837,15679.95
Ropinirole HCl 0.25 mg Tablet,11289,15469.22
Ropinirole HCl 1 mg Tablet,1676,1048.5
Ropinirole HCl 2mg 24H ER Tablet,3813,14655.2
Ropinirole HCl 4mg 24H ER Tablet,7714,41884.91
Ropivacaine HCl 150 mg/20ml Injection,620,21841.93
Ropivacaine HCl 40 mg/20 ml Injection,16,296.32
Rosuvastatin 20 mg Tablet,133212,45506.15
SPIRONOLACTONE 12.5MG/5ML SYRUP,37191,0.0
"Sacubitril 49mg, Valsartan 51mg Tablet",9974,39319.83
"Sacubitril 97mg, Valsartan 103mg Tab",69752,279342.8
Salbutamol 0.5 % Nebulising Solution,1144,5834.4
Salbutamol 100 mcg/dose Inhaler (200 dos,3409,20369.45
Salbutamol 2 mg/5 ml Syrup,121,140.79
Salbutamol 200mcg Inh Powder (Easyhaler),121,9794.44
Salbutamol 5mg/5ml Injection,31,1321.88
Salmeterol 25mcg Fluticasone 125mcg Evoh,66,631.53
Salmeterol 25mcg Fluticasone 50mcg Evoha,23,1574.67
Salmeterol 50mcg Fluticasone 250mcg Accu,89,3118.86
Salmeterol 50mcg Fluticasone 500mcg Accu,38,1529.12
Secukinumab 150mg/ml Injection (Powder),132,122760.0
Secukinumab 150mg/ml Solution in single-,304,290190.41
Selegiline HCl 5 mg Tablet,28198,32051.1
Selenium Sulphide 2.5% Shampoo,1616,27500.09
Semaglutide 1.34mg/ml Inj (4mg/3ml),9,4233.18
Sertraline HCI 50 mg Tablet,367594,51033.76
Sevelamer 800mg Tablet,20581,48923.81
Sevoflurane Liquid 250ml,1691,409793.15
Shohls Solution,1671,0.0
Sildenafil Citrate 100 mg Tablet,14168,25581.88
Silver Sulfadiazine 1% Cream (30g),23,734.11
Simvastatin 10 mg Tablet,95249,3426.5
Simvastatin 40 mg Tablet,529661,52234.56
Sirolimus 1 mg Tablet,1717,53971.78
Sirolimus 1 mg/ml Oral Suspension,428,0.0
Sodium Acetate 2mmol/ml Injection,60,1622.71
Sodium Bicarbonate 1 g/15 ml Mixture,65681,593.12
Sodium Bicarbonate 8.4%(10mmol/10ml) Inj,8308,11806.14
Sodium Bicarbonate Ear Drops,405,0.0
Sodium Bicarbonate Mouthwash 2%,172,0.0
Sodium Bicarbonate Powder 2.5g For Oral,96,0.01
Sodium Bicarbonate Powder 35gm for Oral,3683,0.0
"Sodium Biphos,Sodium Phosp Enema (Adult)",330,3353.15
"Sodium Biphos,Sodium Phosp Soln 45ml 16/",48,566.22
Sodium Chloride 0.9% Eye Drops,1460,3397.56
Sodium Chloride 20 % Oral Solution,24423,0.0
Sodium Chloride 3% Eye Drops,2166,233.4
Sodium Cromoglycate 2% Eye Drop,899,6315.09
Sodium Dihydrogen Phosphate 2mmol/ml Syr,632,0.0
Sodium Lauryl Sulphate (Teepol)-100ML,57,0.0
"Sodium Picosul,Magnesium O,Citric A Sach",930,13211.14
Sodium Polystyrene Sulphonate Powder,120,97.95
Sodium Valproate (ER) 500mg Tablet,23555,15753.04
Sodium Valproate 200 mg Tablet,1146144,298559.61
Sodium Valproate 200 mg/5 ml Syrup,915907,4479.78
Sodium Valproate 400 mg Injection,108,9219.76
"SodiumB,CitricA,SodiumC,TartaricA Sachet",83970,49446.34
Sofosbuvir 400 mg Tablet,53970,207661.4
"Sofosbuvir 400mg, Velpatasvir 100mg Film",1141,13536.55
Solifenacin Succinate 5mg Tablet,17843,47985.39
Somatropin 10mg/1.5 ml Pre-filled Pen (N,258,119041.97
Somatropin 6mg Solution for Injection,143,48774.12
Sotalol HCl 80 mg Tablet,3766,2637.06
Spironolactone 25 mg Tablet,403211,72964.3
Sterile Water for Injection 10mL,30273,9324.64
Sterofundin 500ml IV Sol,4064,32938.06
"Streptokinase 1,500,000 IU Injection",150,158321.09
Sugammadex 100 mg/ml Injection,104,26861.52
Sulfadoxine 500mg+Pyrimethamine 25mg Tab,19,3.48
Sulfasalazine 500 mg Tablet,267567,116095.74
Sulphamethox+Trimeth (200/40mg) 5ml Susp,938,1701.72
Sulphamethoxazo/Trimethopr 400/80mg Tabl,87456,10472.59
Sulphur 2% in Calamine Lotion,75,0.0
Sulphur 4% in Calamine Lotion,269,0.0
Sulphur 6% in Calamine Lotion,337,0.0
Sulpiride 200 mg Tablet,174009,23587.93
Sulthiame 200 mg Tablet,150,952.5
Sumatriptan 50mg Fast Disintegrating Tab,1052,2760.18
Sunscreen SPF 50+ Cream 100ml,264,10648.2
Sunscreen SPF 50+ Cream 88ml,57,1970.49
Suxamethonium Chloride 50 mg/ml lnj,4114,22016.36
Tacrolimus 0.1% Ointment,278,36191.25
Tacrolimus 0.5 mg Capsule,6517,26142.36
Tacrolimus 0.5mg Prolonged-Release Cap,2454,9514.86
Tacrolimus 1 mg Capsule,15836,119615.5
Tacrolimus 1mg Prolonged-release Cap,12709,94672.68
Tacrolimus 5mg Prolonged-Release Cap,1155,33453.87
Tamoxifen Citrate 20 mg Tablet,126124,56797.27
Tamsulosin HCl 400 mcg ER Tablet,53539,21857.66
"Tar, Coal Tar and Oleyl Alcohol Liquid (",58,870.0
Telmisartan 40 mg Tablet,57466,11511.91
Telmisartan 80 mg Tablet,109210,27405.92
Telmisartan+Hydrochlorothiazide 80/12.5m,32787,34413.6
"Tenecteplase 10,000 unit (50mg) Injectio",7,24911.17
"Tenofovir 300mg, Emtricitabine 200mg Tab",278579,239172.78
Tenofovir Alafenamide 25mg FC Tablet,1000,5195.66
Tenofovir Disoproxil Fumarate 300 mg Tab,95266,49138.08
Terazosin HCl 2 mg Tablet,36449,6146.04
Terazosin HCl 5 mg Tablet,59973,16136.8
Terbinafine HCl 250 mg Tablet,6140,6655.87
Terbutaline Sulphate 10 mg/ml Neb Soln,2,14.62
Teriflunomide 14 mg Tablet,165,19424.63
Teriparatide 250mcg/ml Prefilled-Pen,7,10259.06
Testosterone Enanthate 250mg/ml Injectio,522,2849.15
Tetrabenazine 25mg tablet,1057,2187.69
Tetracycline HCl 250 mg Capsule,5602,747.29
Theophylline 250 mg Long Acting Tablet,4899,798.65
Thiamine HCl 200mg/2ml Injection,73,288.13
Thiamine Mononitrate 10 mg Tablet,47250,3164.38
Tibolone 2.5 mg Tablet,5212,8572.05
Ticagrelor 90 mg Tablet,38305,164687.1
Ticlopidine HCl 250 mg Tablet,22385,3947.17
Timolol Maleate 0.5% Eye Drops,16233,65931.23
"Timolol Maleate 0.5% Eye Drops, Preserva",319,6670.44
Tiotropium 2.5mcg/puff inhalation,5,352.32
Tizanidine HCl 4 mg Tablet,1092,1399.21
Tocilizumab 162 mg Injection in PFS,126,81783.27
Tolterodine Tartrate ER 4 mg Capsule,53462,210819.67
Topiramate 25 mg Tablet,15169,41812.93
Topiramate 50 mg Tablet,41311,115654.76
Tramadol HCl 50 mg Capsule,216283,12967.23
Tramadol HCl 50 mg/ml Injection,12368,18876.85
Tranexamic Acid 250 mg Capsule,77273,29527.63
Tranexamic acid 500mg/5ml Injection,3882,11453.38
Travoprost 0.004% +Timolol 0.5% Eye Drop,459,23400.88
Tretinoin 0.05% Cream,2025,10694.42
Triamcinolone Acetonide 0.1% Oral Paste,227,1033.29
Trientine Dihydrochloride 250mg Capsule,2280,33110.98
Trifluoperazine HCI 5 mg Tablet,101006,33533.99
Trimetazidine 20 mg Tablet,1059323,63576.99
Trimetazidine 35 mg MR Tablet,127171,38745.15
Trimethoprim 50mg/5mL Suspension,6859,7586.43
Triptorelin 3.75 mg Injection,59,14909.81
Tropicamide 1% Eye Drops,8,216.35
Ung Cocois,1419,0.0
Ursodeoxycholic 50mg/mL Acid Suspension,20107,0.0
Ursodeoxycholic Acid 250 mg Capsule,29550,77645.67
Ustekinumab 45 mg/0.5ml Injection,26,180868.33
Ustekinumab 90mg/ml Injection,15,124955.5
VASELINE,12698,0.0
Valganciclovir HCl 450mg Tablet,42,3556.14
Valsartan 80 mg Tablet,288101,86298.03
Valsartan+Hydrochlorothiazide 80/12.5mg,22622,21759.34
Vancomycin 5% Eye Drops,8,0.0
Vasopressin 20units/ml Injection,105,1851.06
Venlafaxine HCl 150 mg ER Capsule,27477,72549.87
Venlafaxine HCl 75 mg ER Capsule,24425,75812.75
Verapamil 40 mg Tablet,77282,20219.37
Verapamil HCl 5mg/2ml Injection,21,161.77
Vigabatrin 500mg Tablet,7215,25731.86
Vildagliptin 50 mg Tablet,169608,66668.28
Vildagliptin 50mg+Metformin HCl 1000mg T,40385,39187.3
Vitamin B Complex Tablet,265104,1174.36
Vitamin B and C (P-Trovite) 10mL Inj,196,6138.71
"Vitamin B1, B6, B12 Tablet",717959,77835.89
Vitamin K1 (Phytomenadione) 1 mg / ml In,2894,9735.42
Vitamin K1 (Phytomenadione) 10 mg / ml I,929,3083.24
Voriconazole 200 mg Tablet,735,83043.48
Voriconazole 50 mg Tablet,328,9035.57
Vortioxetine 10 mg Tablet,13561,68138.7
Warfarin Sodium 1 mg Tablet,89850,29383.13
Warfarin Sodium 2 mg Tablet,86642,26501.32
Warfarin Sodium 5 mg Tablet,56691,22642.01
X-Temp,288,14832.02
Zidovudine 10 mg/ml Syrup,934,31.45
Zidovudine 300 mg  Lamivudine 150 mg Tab,168535,96637.43
Zinc Gluconate 50mg Tablet,927,411.76
Zinc Oxide Cream (15%),1622,8570.13
Zonisamide 100mg Tablet,8553,10373.74
Zuclopenthixol 20 mg/ml Drops,215,10271.96
Zuclopenthixol Decanoate 200mg/ml Inject,1635,39550.99
